date,actif,cloture,volume
2024-01-01,AETH,101.9523,1040486
2024-01-01,BTCX,249.2158,333946
2024-01-01,STAB,50.0632,1471199
2024-01-02,AETH,103.566,432865
2024-01-02,BTCX,250.6626,350501
2024-01-02,STAB,49.4291,1388975
2024-01-03,AETH,104.0922,1283937
2024-01-03,BTCX,238.9532,549745
2024-01-03,STAB,49.7591,2279282
2024-01-04,AETH,103.6843,545339
2024-01-04,BTCX,230.1198,195466
2024-01-04,STAB,50.0674,1329387
2024-01-05,AETH,103.3483,573970
2024-01-05,BTCX,223.6794,160343
2024-01-05,STAB,50.1292,1407442
2024-01-08,AETH,99.967,1030134
2024-01-08,BTCX,223.7507,664656
2024-01-08,STAB,50.0687,1394578
2024-01-09,AETH,100.1084,867324
2024-01-09,BTCX,234.1437,343092
2024-01-09,STAB,50.2596,1341587
2024-01-10,AETH,99.4879,405057
2024-01-10,BTCX,233.4528,478440
2024-01-10,STAB,49.3117,1082004
2024-01-11,AETH,99.9692,827594
2024-01-11,BTCX,236.2175,434512
2024-01-11,STAB,49.708,1049348
2024-01-12,AETH,100.5805,757982
2024-01-12,BTCX,234.3683,715731
2024-01-12,STAB,49.52,1945259
2024-01-15,AETH,102.5101,984026
2024-01-15,BTCX,242.3582,529547
2024-01-15,STAB,49.719,837365
2024-01-16,AETH,102.1357,1148523
2024-01-16,BTCX,226.6018,215647
2024-01-16,STAB,49.4923,743913
2024-01-17,AETH,102.6385,1558566
2024-01-17,BTCX,211.7991,627900
2024-01-17,STAB,49.0927,1910089
2024-01-18,AETH,105.0412,828572
2024-01-18,BTCX,218.7942,257197
2024-01-18,STAB,48.5847,876769
2024-01-19,AETH,104.3903,615449
2024-01-19,BTCX,226.2286,353182
2024-01-19,STAB,48.6638,841993
2024-01-22,AETH,104.4651,532141
2024-01-22,BTCX,232.3211,204367
2024-01-22,STAB,48.6894,1658923
2024-01-23,AETH,104.6123,1530493
2024-01-23,BTCX,236.2425,226581
2024-01-23,STAB,48.4274,1141801
2024-01-24,AETH,102.7874,689146
2024-01-24,BTCX,215.4235,202374
2024-01-24,STAB,47.5382,1423770
2024-01-25,AETH,103.264,655833
2024-01-25,BTCX,229.7481,355460
2024-01-25,STAB,47.777,818154
2024-01-26,AETH,101.6788,1093565
2024-01-26,BTCX,226.7431,280923
2024-01-26,STAB,47.6838,1221477
2024-01-29,AETH,103.6117,794265
2024-01-29,BTCX,220.7423,254795
2024-01-29,STAB,47.8576,1604452
2024-01-30,AETH,101.9116,1172109
2024-01-30,BTCX,235.9207,429760
2024-01-30,STAB,47.4938,745849
2024-01-31,AETH,102.2205,809714
2024-01-31,BTCX,237.4914,468890
2024-01-31,STAB,47.4962,699522
2024-02-01,AETH,102.1497,704046
2024-02-01,BTCX,246.5088,430178
2024-02-01,STAB,47.3823,641841
2024-02-02,AETH,102.723,687086
2024-02-02,BTCX,245.3119,292649
2024-02-02,STAB,47.3697,3332919
2024-02-05,AETH,103.4817,1186694
2024-02-05,BTCX,236.7873,533997
2024-02-05,STAB,47.4015,845481
2024-02-06,AETH,102.3029,927510
2024-02-06,BTCX,223.6967,294196
2024-02-06,STAB,47.4584,1622473
2024-02-07,AETH,102.8711,916623
2024-02-07,BTCX,227.9203,310948
2024-02-07,STAB,47.4594,1807876
2024-02-08,AETH,102.0835,956580
2024-02-08,BTCX,243.878,237132
2024-02-08,STAB,47.3164,824273
2024-02-09,AETH,103.0213,634272
2024-02-09,BTCX,249.4195,444387
2024-02-09,STAB,47.2878,1075538
2024-02-12,AETH,101.4331,1106045
2024-02-12,BTCX,268.8469,205790
2024-02-12,STAB,47.8956,1074882
2024-02-13,AETH,100.3302,1578727
2024-02-13,BTCX,273.1835,338161
2024-02-13,STAB,47.8772,1350940
2024-02-14,AETH,100.2266,472470
2024-02-14,BTCX,284.2786,481693
2024-02-14,STAB,47.4584,1041834
2024-02-15,AETH,101.2777,1088697
2024-02-15,BTCX,287.3768,320317
2024-02-15,STAB,47.0615,1339552
2024-02-16,AETH,100.946,350652
2024-02-16,BTCX,308.7287,457141
2024-02-16,STAB,46.6143,530146
2024-02-19,AETH,100.7782,739867
2024-02-19,BTCX,330.6326,499046
2024-02-19,STAB,46.8177,1571359
2024-02-20,AETH,102.742,827822
2024-02-20,BTCX,336.5129,169711
2024-02-20,STAB,47.1178,1965293
2024-02-21,AETH,103.9185,927839
2024-02-21,BTCX,326.9107,385979
2024-02-21,STAB,47.1261,897581
2024-02-22,AETH,104.0058,1693948
2024-02-22,BTCX,299.2211,226158
2024-02-22,STAB,47.3917,1142827
2024-02-23,AETH,103.2412,987029
2024-02-23,BTCX,305.1074,321182
2024-02-23,STAB,47.0724,694161
2024-02-26,AETH,102.3531,922119
2024-02-26,BTCX,302.0163,171540
2024-02-26,STAB,47.4861,1291023
2024-02-27,AETH,101.7033,1135813
2024-02-27,BTCX,308.2698,221378
2024-02-27,STAB,47.5538,1108108
2024-02-28,AETH,100.5667,1051984
2024-02-28,BTCX,316.6632,236116
2024-02-28,STAB,47.2144,889462
2024-02-29,AETH,101.0057,882345
2024-02-29,BTCX,348.5782,261974
2024-02-29,STAB,47.5868,1050319
2024-03-01,AETH,101.8508,1063701
2024-03-01,BTCX,323.9454,333347
2024-03-01,STAB,47.9053,821356
2024-03-04,AETH,103.0214,1189128
2024-03-04,BTCX,321.7275,565170
2024-03-04,STAB,47.7417,1703615
2024-03-05,AETH,101.7658,1161230
2024-03-05,BTCX,325.1929,267961
2024-03-05,STAB,47.472,995649
2024-03-06,AETH,101.61,1341023
2024-03-06,BTCX,333.8357,452204
2024-03-06,STAB,47.3506,850588
2024-03-07,AETH,100.8794,1562779
2024-03-07,BTCX,342.1409,235616
2024-03-07,STAB,47.7722,1118873
2024-03-08,AETH,103.6393,585800
2024-03-08,BTCX,334.4933,240279
2024-03-08,STAB,47.6251,615217
2024-03-11,AETH,105.4049,745435
2024-03-11,BTCX,322.3185,585928
2024-03-11,STAB,47.462,1008969
2024-03-12,AETH,103.2654,654455
2024-03-12,BTCX,303.5651,494244
2024-03-12,STAB,46.5891,1306345
2024-03-13,AETH,104.8043,496203
2024-03-13,BTCX,329.8936,525803
2024-03-13,STAB,46.463,1069240
2024-03-14,AETH,106.2095,2612007
2024-03-14,BTCX,327.1448,372628
2024-03-14,STAB,46.0888,1062288
2024-03-15,AETH,106.6918,1413139
2024-03-15,BTCX,320.9559,213568
2024-03-15,STAB,45.9801,1717854
2024-03-18,AETH,108.2192,647410
2024-03-18,BTCX,323.6669,349389
2024-03-18,STAB,45.9507,797205
2024-03-19,AETH,109.9072,988530
2024-03-19,BTCX,342.7715,301305
2024-03-19,STAB,46.0122,1498077
2024-03-20,AETH,110.0602,1107313
2024-03-20,BTCX,356.3921,284376
2024-03-20,STAB,45.8812,1134050
2024-03-21,AETH,111.0572,563943
2024-03-21,BTCX,354.3324,279779
2024-03-21,STAB,46.1347,1466440
2024-03-22,AETH,110.5333,1469270
2024-03-22,BTCX,346.5262,154736
2024-03-22,STAB,46.0353,899246
2024-03-25,AETH,110.4026,988859
2024-03-25,BTCX,350.0642,260538
2024-03-25,STAB,46.0211,2656769
2024-03-26,AETH,110.5504,1345891
2024-03-26,BTCX,358.5466,115744
2024-03-26,STAB,46.3653,917029
2024-03-27,AETH,111.5151,978886
2024-03-27,BTCX,370.3869,149981
2024-03-27,STAB,45.8672,1127648
2024-03-28,AETH,111.5297,725282
2024-03-28,BTCX,372.2908,150598
2024-03-28,STAB,45.959,1082453
2024-03-29,AETH,111.5887,619203
2024-03-29,BTCX,355.5326,236461
2024-03-29,STAB,45.9473,2891992
2024-04-01,AETH,112.2114,1244349
2024-04-01,BTCX,348.7986,278026
2024-04-01,STAB,46.1195,1132785
2024-04-02,AETH,110.1483,1295298
2024-04-02,BTCX,343.6487,316333
2024-04-02,STAB,45.9557,1070782
2024-04-03,AETH,110.5245,1076975
2024-04-03,BTCX,361.7166,240046
2024-04-03,STAB,45.7853,1735258
2024-04-04,AETH,111.914,401999
2024-04-04,BTCX,378.0548,206623
2024-04-04,STAB,45.4635,1431660
2024-04-05,AETH,113.5107,881320
2024-04-05,BTCX,362.992,312611
2024-04-05,STAB,45.6525,922640
2024-04-08,AETH,114.626,711897
2024-04-08,BTCX,370.2333,305959
2024-04-08,STAB,45.3102,1634318
2024-04-09,AETH,113.7262,856875
2024-04-09,BTCX,396.5709,178230
2024-04-09,STAB,44.6609,919657
2024-04-10,AETH,114.6451,820426
2024-04-10,BTCX,417.9029,196528
2024-04-10,STAB,44.8462,1008141
2024-04-11,AETH,116.1373,1414383
2024-04-11,BTCX,428.3988,227110
2024-04-11,STAB,44.735,1650844
2024-04-12,AETH,117.0838,555961
2024-04-12,BTCX,435.927,251064
2024-04-12,STAB,44.705,558757
2024-04-15,AETH,116.4276,957395
2024-04-15,BTCX,435.7181,316103
2024-04-15,STAB,44.6339,1010921
2024-04-16,AETH,117.0988,850862
2024-04-16,BTCX,443.9438,226346
2024-04-16,STAB,44.5294,1235655
2024-04-17,AETH,116.3119,454475
2024-04-17,BTCX,442.2194,406970
2024-04-17,STAB,44.529,1915481
2024-04-18,AETH,114.8901,640403
2024-04-18,BTCX,451.7536,290546
2024-04-18,STAB,44.314,1440240
2024-04-19,AETH,116.0617,709867
2024-04-19,BTCX,442.0182,527967
2024-04-19,STAB,44.2843,927700
2024-04-22,AETH,117.0487,694454
2024-04-22,BTCX,419.134,182622
2024-04-22,STAB,44.1174,1449520
2024-04-23,AETH,119.4527,715160
2024-04-23,BTCX,432.7079,473605
2024-04-23,STAB,43.9693,900960
2024-04-24,AETH,121.8389,1108128
2024-04-24,BTCX,426.8939,674072
2024-04-24,STAB,43.5686,1413121
2024-04-25,AETH,121.1943,351247
2024-04-25,BTCX,402.3038,268591
2024-04-25,STAB,43.1096,1725574
2024-04-26,AETH,120.687,762672
2024-04-26,BTCX,426.1848,304533
2024-04-26,STAB,43.203,1353074
2024-04-29,AETH,123.0699,1237596
2024-04-29,BTCX,430.8218,357331
2024-04-29,STAB,43.414,961950
2024-04-30,AETH,121.7285,1166233
2024-04-30,BTCX,440.4013,278523
2024-04-30,STAB,43.3117,1537305
2024-05-01,AETH,122.2978,915035
2024-05-01,BTCX,421.9188,580610
2024-05-01,STAB,43.3511,1672381
2024-05-02,AETH,121.6736,1168666
2024-05-02,BTCX,403.263,405667
2024-05-02,STAB,42.8314,1911603
2024-05-03,AETH,120.6808,751120
2024-05-03,BTCX,398.6756,344479
2024-05-03,STAB,42.6588,702056
2024-05-06,AETH,120.8005,1392636
2024-05-06,BTCX,406.7915,328439
2024-05-06,STAB,42.2784,1550223
2024-05-07,AETH,122.5571,842896
2024-05-07,BTCX,393.5504,290769
2024-05-07,STAB,42.4455,1119975
2024-05-08,AETH,122.8056,638395
2024-05-08,BTCX,393.2201,164844
2024-05-08,STAB,42.6219,911040
2024-05-09,AETH,122.7102,838086
2024-05-09,BTCX,394.1569,337969
2024-05-09,STAB,42.1247,1254995
2024-05-10,AETH,121.4975,697687
2024-05-10,BTCX,398.0967,280991
2024-05-10,STAB,42.2469,673672
2024-05-13,AETH,120.829,934936
2024-05-13,BTCX,424.2877,384821
2024-05-13,STAB,42.3054,792193
2024-05-14,AETH,120.8203,693811
2024-05-14,BTCX,437.1126,220182
2024-05-14,STAB,42.3554,893315
2024-05-15,AETH,120.6677,767794
2024-05-15,BTCX,428.1529,364453
2024-05-15,STAB,42.0419,657733
2024-05-16,AETH,123.4207,859119
2024-05-16,BTCX,427.4575,146505
2024-05-16,STAB,42.1847,1795611
2024-05-17,AETH,123.0297,885750
2024-05-17,BTCX,405.9907,236085
2024-05-17,STAB,41.9559,1486482
2024-05-20,AETH,124.7747,723245
2024-05-20,BTCX,417.3083,234066
2024-05-20,STAB,42.1686,1491501
2024-05-21,AETH,123.3045,1308947
2024-05-21,BTCX,417.1729,199766
2024-05-21,STAB,42.2699,692674
2024-05-22,AETH,122.7718,982636
2024-05-22,BTCX,421.5664,401532
2024-05-22,STAB,42.0592,736360
2024-05-23,AETH,120.2272,513705
2024-05-23,BTCX,417.3343,402252
2024-05-23,STAB,42.0905,1116360
2024-05-24,AETH,120.6074,996476
2024-05-24,BTCX,410.0611,314402
2024-05-24,STAB,41.573,927621
2024-05-27,AETH,118.8902,754814
2024-05-27,BTCX,408.3718,254497
2024-05-27,STAB,41.408,1473417
2024-05-28,AETH,120.424,1177945
2024-05-28,BTCX,394.8392,234449
2024-05-28,STAB,41.1487,1414818
2024-05-29,AETH,119.3704,549861
2024-05-29,BTCX,381.2055,581106
2024-05-29,STAB,40.9209,1849025
2024-05-30,AETH,120.3559,787926
2024-05-30,BTCX,388.3562,325291
2024-05-30,STAB,40.9277,1084179
2024-05-31,AETH,121.752,369582
2024-05-31,BTCX,380.6173,584242
2024-05-31,STAB,41.1212,983213
2024-06-03,AETH,120.7513,670839
2024-06-03,BTCX,361.1258,511898
2024-06-03,STAB,41.2166,1063701
2024-06-04,AETH,118.944,973489
2024-06-04,BTCX,371.8911,198609
2024-06-04,STAB,41.6192,748651
2024-06-05,AETH,117.9583,513740
2024-06-05,BTCX,363.7586,273585
2024-06-05,STAB,41.4897,1380977
2024-06-06,AETH,117.3691,648364
2024-06-06,BTCX,376.3635,376482
2024-06-06,STAB,41.474,2962371
2024-06-07,AETH,117.4207,604905
2024-06-07,BTCX,384.5055,447460
2024-06-07,STAB,41.3246,1206235
2024-06-10,AETH,119.2409,1282704
2024-06-10,BTCX,386.2168,339985
2024-06-10,STAB,41.3217,1396151
2024-06-11,AETH,119.8699,915490
2024-06-11,BTCX,383.6878,203768
2024-06-11,STAB,41.3401,1249338
2024-06-12,AETH,118.7941,986839
2024-06-12,BTCX,369.0763,348154
2024-06-12,STAB,41.3921,1061508
2024-06-13,AETH,116.5406,429496
2024-06-13,BTCX,378.2923,233119
2024-06-13,STAB,41.3383,1273618
2024-06-14,AETH,116.1633,770475
2024-06-14,BTCX,383.3021,302927
2024-06-14,STAB,41.3343,1304260
2024-06-17,AETH,114.4638,758413
2024-06-17,BTCX,389.5343,243269
2024-06-17,STAB,41.3313,1266389
2024-06-18,AETH,114.3045,549847
2024-06-18,BTCX,379.1299,300022
2024-06-18,STAB,41.2553,963159
2024-06-19,AETH,113.3866,1320817
2024-06-19,BTCX,372.7699,318391
2024-06-19,STAB,40.934,951540
2024-06-20,AETH,112.0835,458478
2024-06-20,BTCX,364.7853,286791
2024-06-20,STAB,40.5133,813818
2024-06-21,AETH,112.5809,581422
2024-06-21,BTCX,378.739,266838
2024-06-21,STAB,40.6726,1210488
2024-06-24,AETH,113.4334,852895
2024-06-24,BTCX,370.2758,224206
2024-06-24,STAB,40.3275,843129
2024-06-25,AETH,112.4878,602650
2024-06-25,BTCX,394.5823,483147
2024-06-25,STAB,40.1655,1274038
2024-06-26,AETH,110.8542,896529
2024-06-26,BTCX,396.396,311340
2024-06-26,STAB,40.1312,1328699
2024-06-27,AETH,112.1352,1352011
2024-06-27,BTCX,388.7424,377533
2024-06-27,STAB,39.8686,1392208
2024-06-28,AETH,112.2623,966259
2024-06-28,BTCX,412.2274,311846
2024-06-28,STAB,40.0339,1797203
2024-07-01,AETH,113.6964,1208126
2024-07-01,BTCX,401.7416,270625
2024-07-01,STAB,39.9306,1432196
2024-07-02,AETH,112.7919,1216384
2024-07-02,BTCX,391.2647,453305
2024-07-02,STAB,39.8807,1116843
2024-07-03,AETH,112.2591,1144672
2024-07-03,BTCX,407.6089,343316
2024-07-03,STAB,39.9156,1173137
2024-07-04,AETH,113.0919,325312
2024-07-04,BTCX,408.7635,378089
2024-07-04,STAB,39.8406,586866
2024-07-05,AETH,116.1466,1027561
2024-07-05,BTCX,413.7592,242156
2024-07-05,STAB,39.5652,1482386
2024-07-08,AETH,116.8786,499935
2024-07-08,BTCX,391.4684,271496
2024-07-08,STAB,39.6688,1194827
2024-07-09,AETH,117.7572,464494
2024-07-09,BTCX,386.8337,458885
2024-07-09,STAB,39.4787,1150092
2024-07-10,AETH,116.1824,752746
2024-07-10,BTCX,367.4047,249019
2024-07-10,STAB,39.2432,1648643
2024-07-11,AETH,116.4362,778010
2024-07-11,BTCX,378.0307,210268
2024-07-11,STAB,38.7494,1653999
2024-07-12,AETH,116.346,825498
2024-07-12,BTCX,387.8292,330610
2024-07-12,STAB,38.8214,608934
2024-07-15,AETH,114.8113,561455
2024-07-15,BTCX,375.59,343247
2024-07-15,STAB,38.9512,800739
2024-07-16,AETH,116.083,737702
2024-07-16,BTCX,381.7279,382639
2024-07-16,STAB,38.6873,1724035
2024-07-17,AETH,116.5926,632284
2024-07-17,BTCX,375.8711,231648
2024-07-17,STAB,38.7112,1559142
2024-07-18,AETH,117.6569,698472
2024-07-18,BTCX,389.2871,339302
2024-07-18,STAB,38.7288,980286
2024-07-19,AETH,116.3118,732814
2024-07-19,BTCX,385.4982,345817
2024-07-19,STAB,38.7375,1056218
2024-07-22,AETH,116.8848,1093268
2024-07-22,BTCX,386.552,69169
2024-07-22,STAB,38.7653,2063535
2024-07-23,AETH,116.1341,518188
2024-07-23,BTCX,377.3696,290852
2024-07-23,STAB,38.7734,1943396
2024-07-24,AETH,118.0615,829203
2024-07-24,BTCX,388.5097,160531
2024-07-24,STAB,38.488,1001905
2024-07-25,AETH,116.7502,725916
2024-07-25,BTCX,398.179,296430
2024-07-25,STAB,38.6673,1283322
2024-07-26,AETH,116.2937,1023929
2024-07-26,BTCX,433.8835,478253
2024-07-26,STAB,38.3166,1138133
2024-07-29,AETH,116.1215,1017864
2024-07-29,BTCX,453.6555,332594
2024-07-29,STAB,38.4007,2213150
2024-07-30,AETH,114.5171,689420
2024-07-30,BTCX,418.1595,420019
2024-07-30,STAB,38.6467,1642135
2024-07-31,AETH,114.3167,614993
2024-07-31,BTCX,428.6472,222450
2024-07-31,STAB,38.4788,1443175
2024-08-01,AETH,114.9102,872292
2024-08-01,BTCX,422.8336,208582
2024-08-01,STAB,38.2609,1873197
2024-08-02,AETH,116.0222,1153229
2024-08-02,BTCX,435.4263,443208
2024-08-02,STAB,38.4572,735654
2024-08-05,AETH,115.1369,996835
2024-08-05,BTCX,427.3618,238187
2024-08-05,STAB,38.5313,1614096
2024-08-06,AETH,115.2664,1869272
2024-08-06,BTCX,457.8904,444576
2024-08-06,STAB,38.3324,1026827
2024-08-07,AETH,115.0706,691633
2024-08-07,BTCX,442.8347,218029
2024-08-07,STAB,38.7694,1252782
2024-08-08,AETH,116.5054,529494
2024-08-08,BTCX,440.8273,218199
2024-08-08,STAB,39.1286,1477577
2024-08-09,AETH,117.3102,1186830
2024-08-09,BTCX,407.7348,504866
2024-08-09,STAB,39.2275,2032219
2024-08-12,AETH,115.9849,997733
2024-08-12,BTCX,394.9533,422097
2024-08-12,STAB,39.2719,888297
2024-08-13,AETH,114.1065,934257
2024-08-13,BTCX,404.1557,271655
2024-08-13,STAB,39.1738,947439
2024-08-14,AETH,114.7391,528820
2024-08-14,BTCX,406.5802,417226
2024-08-14,STAB,39.0082,1504753
2024-08-15,AETH,115.9993,705283
2024-08-15,BTCX,409.8445,172362
2024-08-15,STAB,38.9577,2101101
2024-08-16,AETH,116.6133,602191
2024-08-16,BTCX,400.7907,223267
2024-08-16,STAB,38.9152,867339
2024-08-19,AETH,116.9041,532189
2024-08-19,BTCX,380.9132,568346
2024-08-19,STAB,39.2328,1167076
2024-08-20,AETH,119.3333,660030
2024-08-20,BTCX,365.0013,318979
2024-08-20,STAB,39.5255,1450209
2024-08-21,AETH,120.8994,855045
2024-08-21,BTCX,362.9799,499208
2024-08-21,STAB,39.6009,2435254
2024-08-22,AETH,119.7516,601625
2024-08-22,BTCX,345.4598,218552
2024-08-22,STAB,39.5558,1454977
2024-08-23,AETH,117.9173,1230937
2024-08-23,BTCX,330.0817,248286
2024-08-23,STAB,39.5281,1070521
2024-08-26,AETH,115.917,543309
2024-08-26,BTCX,327.2675,852082
2024-08-26,STAB,39.3919,1132396
2024-08-27,AETH,116.0668,1105496
2024-08-27,BTCX,331.5093,336942
2024-08-27,STAB,39.6404,1516385
2024-08-28,AETH,115.4516,524322
2024-08-28,BTCX,310.237,246952
2024-08-28,STAB,39.6349,1126567
2024-08-29,AETH,114.3523,990657
2024-08-29,BTCX,317.7694,266847
2024-08-29,STAB,39.4727,1059324
2024-08-30,AETH,114.0384,1297996
2024-08-30,BTCX,330.9066,266854
2024-08-30,STAB,39.5393,1148540
2024-09-02,AETH,112.1017,955187
2024-09-02,BTCX,318.2564,481601
2024-09-02,STAB,39.7408,1115303
2024-09-03,AETH,110.2524,962145
2024-09-03,BTCX,313.4976,364365
2024-09-03,STAB,39.5816,684458
2024-09-04,AETH,111.3536,1048702
2024-09-04,BTCX,295.316,342539
2024-09-04,STAB,39.5426,1248202
2024-09-05,AETH,112.5612,1349904
2024-09-05,BTCX,293.4247,194318
2024-09-05,STAB,39.3302,856656
2024-09-06,AETH,113.3815,896100
2024-09-06,BTCX,270.2957,352221
2024-09-06,STAB,39.3069,1597208
2024-09-09,AETH,111.1104,718559
2024-09-09,BTCX,278.6707,186884
2024-09-09,STAB,39.0311,1485304
2024-09-10,AETH,112.2707,530559
2024-09-10,BTCX,279.1799,235384
2024-09-10,STAB,39.5742,1526584
2024-09-11,AETH,109.6273,1422351
2024-09-11,BTCX,280.7318,439441
2024-09-11,STAB,39.1073,1043147
2024-09-12,AETH,107.5506,1297551
2024-09-12,BTCX,297.7633,412889
2024-09-12,STAB,38.6126,1565724
2024-09-13,AETH,106.7439,840010
2024-09-13,BTCX,289.9832,298354
2024-09-13,STAB,38.8597,2147994
2024-09-16,AETH,105.1044,1079251
2024-09-16,BTCX,288.5423,221200
2024-09-16,STAB,39.057,1187840
2024-09-17,AETH,104.2095,981145
2024-09-17,BTCX,284.0775,274831
2024-09-17,STAB,38.9485,850333
2024-09-18,AETH,103.0042,769694
2024-09-18,BTCX,302.5924,303820
2024-09-18,STAB,38.8628,928893
2024-09-19,AETH,100.9525,729684
2024-09-19,BTCX,308.8859,363346
2024-09-19,STAB,39.1099,961881
2024-09-20,AETH,101.7869,758918
2024-09-20,BTCX,319.048,142427
2024-09-20,STAB,38.5104,1326999
2024-09-23,AETH,100.5826,1498534
2024-09-23,BTCX,300.9686,288297
2024-09-23,STAB,38.7555,831788
2024-09-24,AETH,101.8396,677186
2024-09-24,BTCX,292.1295,239587
2024-09-24,STAB,38.7977,644518
2024-09-25,AETH,102.345,1396411
2024-09-25,BTCX,284.9128,182349
2024-09-25,STAB,38.9469,952497
2024-09-26,AETH,103.5106,710324
2024-09-26,BTCX,284.8219,290327
2024-09-26,STAB,38.6814,693768
2024-09-27,AETH,102.5779,545284
2024-09-27,BTCX,287.057,381408
2024-09-27,STAB,38.4244,2054064
2024-09-30,AETH,102.1861,884764
2024-09-30,BTCX,274.4469,289100
2024-09-30,STAB,38.7482,987730
2024-10-01,AETH,103.8389,908720
2024-10-01,BTCX,265.0888,274108
2024-10-01,STAB,38.5794,923813
2024-10-02,AETH,101.8733,929991
2024-10-02,BTCX,272.5249,374834
2024-10-02,STAB,38.6193,2237918
2024-10-03,AETH,99.8731,956537
2024-10-03,BTCX,272.6004,214020
2024-10-03,STAB,38.3417,1460158
2024-10-04,AETH,101.4414,583548
2024-10-04,BTCX,258.863,129979
2024-10-04,STAB,38.238,1849124
2024-10-07,AETH,103.2869,960891
2024-10-07,BTCX,260.1571,289230
2024-10-07,STAB,38.3546,896442
2024-10-08,AETH,102.091,722672
2024-10-08,BTCX,265.4761,377430
2024-10-08,STAB,38.2351,2130804
2024-10-09,AETH,103.9243,955539
2024-10-09,BTCX,268.35,350544
2024-10-09,STAB,38.6254,1212753
2024-10-10,AETH,103.1592,711972
2024-10-10,BTCX,280.8155,465347
2024-10-10,STAB,38.8057,661901
2024-10-11,AETH,102.3449,715739
2024-10-11,BTCX,288.3718,161068
2024-10-11,STAB,39.4117,1086622
2024-10-14,AETH,102.77,506394
2024-10-14,BTCX,278.9807,311936
2024-10-14,STAB,39.4198,1660593
2024-10-15,AETH,101.2652,737728
2024-10-15,BTCX,273.8497,251732
2024-10-15,STAB,39.2328,1561113
2024-10-16,AETH,101.1446,727179
2024-10-16,BTCX,260.7533,656870
2024-10-16,STAB,39.5848,1314567
2024-10-17,AETH,100.9707,1113732
2024-10-17,BTCX,255.7419,302169
2024-10-17,STAB,39.8018,2110463
2024-10-18,AETH,101.3383,573815
2024-10-18,BTCX,245.0803,245342
2024-10-18,STAB,40.087,1484814
2024-10-21,AETH,99.4882,755668
2024-10-21,BTCX,249.726,300599
2024-10-21,STAB,39.9393,1143765
2024-10-22,AETH,98.0039,1796575
2024-10-22,BTCX,254.6566,209028
2024-10-22,STAB,40.416,997260
2024-10-23,AETH,98.2044,1202231
2024-10-23,BTCX,253.6812,350855
2024-10-23,STAB,40.5423,1057463
2024-10-24,AETH,97.2323,1015473
2024-10-24,BTCX,238.5697,214776
2024-10-24,STAB,40.6707,1520676
2024-10-25,AETH,97.5785,930919
2024-10-25,BTCX,231.918,249394
2024-10-25,STAB,40.9576,1676306
2024-10-28,AETH,98.8212,1096785
2024-10-28,BTCX,245.1813,328501
2024-10-28,STAB,40.8878,1025659
2024-10-29,AETH,99.0011,1074571
2024-10-29,BTCX,258.2506,329201
2024-10-29,STAB,40.8001,1048766
2024-10-30,AETH,98.4578,1148288
2024-10-30,BTCX,258.73,196116
2024-10-30,STAB,40.5642,746180
2024-10-31,AETH,96.8721,838303
2024-10-31,BTCX,264.5852,266478
2024-10-31,STAB,40.5835,1170305
2024-11-01,AETH,95.6116,607757
2024-11-01,BTCX,247.538,534561
2024-11-01,STAB,41.0599,1922597
2024-11-04,AETH,95.4944,1105873
2024-11-04,BTCX,258.0391,387442
2024-11-04,STAB,40.9862,609506
2024-11-05,AETH,94.7446,682468
2024-11-05,BTCX,259.8841,345887
2024-11-05,STAB,40.8862,2381142
2024-11-06,AETH,94.7001,935725
2024-11-06,BTCX,265.0824,402015
2024-11-06,STAB,40.733,1464863
2024-11-07,AETH,93.1874,618123
2024-11-07,BTCX,259.4752,228582
2024-11-07,STAB,40.9677,1613018
2024-11-08,AETH,93.1286,662485
2024-11-08,BTCX,262.905,335621
2024-11-08,STAB,41.3256,1106383
2024-11-11,AETH,93.9931,763258
2024-11-11,BTCX,270.0241,157189
2024-11-11,STAB,41.8672,1476971
2024-11-12,AETH,94.1651,877912
2024-11-12,BTCX,276.787,268306
2024-11-12,STAB,42.0315,826476
2024-11-13,AETH,93.6008,747501
2024-11-13,BTCX,284.0263,245224
2024-11-13,STAB,41.9568,941933
2024-11-14,AETH,93.7335,907331
2024-11-14,BTCX,273.4906,279643
2024-11-14,STAB,42.2936,547961
2024-11-15,AETH,93.0684,1315271
2024-11-15,BTCX,268.4413,254374
2024-11-15,STAB,42.5542,1018724
2024-11-18,AETH,93.7972,497030
2024-11-18,BTCX,255.7263,238997
2024-11-18,STAB,42.1011,1217798
2024-11-19,AETH,94.429,763548
2024-11-19,BTCX,270.1383,235216
2024-11-19,STAB,41.7526,1264684
2024-11-20,AETH,95.1715,958138
2024-11-20,BTCX,278.9409,248128
2024-11-20,STAB,42.1962,1080906
2024-11-21,AETH,94.6817,664136
2024-11-21,BTCX,299.829,456849
2024-11-21,STAB,42.208,1144489
2024-11-22,AETH,93.5384,1358186
2024-11-22,BTCX,306.5482,219316
2024-11-22,STAB,42.1515,1657292
2024-11-25,AETH,93.4252,685040
2024-11-25,BTCX,297.489,194765
2024-11-25,STAB,41.6812,1047126
2024-11-26,AETH,93.4178,723868
2024-11-26,BTCX,294.7919,280587
2024-11-26,STAB,41.29,2056558
2024-11-27,AETH,93.7889,736981
2024-11-27,BTCX,309.2356,316399
2024-11-27,STAB,41.1362,1164096
2024-11-28,AETH,93.5971,865171
2024-11-28,BTCX,306.5069,611684
2024-11-28,STAB,40.9486,770378
2024-11-29,AETH,96.0224,823130
2024-11-29,BTCX,305.6469,319978
2024-11-29,STAB,40.8326,1936971
2024-12-02,AETH,96.8793,1226809
2024-12-02,BTCX,318.0727,253776
2024-12-02,STAB,41.5043,1136751
2024-12-03,AETH,97.9424,2127048
2024-12-03,BTCX,311.7436,352265
2024-12-03,STAB,41.5496,1170065
2024-12-04,AETH,98.2219,1286337
2024-12-04,BTCX,308.0523,213290
2024-12-04,STAB,41.7552,1040969
2024-12-05,AETH,99.6303,1053044
2024-12-05,BTCX,320.8878,319964
2024-12-05,STAB,41.8364,745039
2024-12-06,AETH,99.1975,929191
2024-12-06,BTCX,333.6189,295023
2024-12-06,STAB,41.8468,1761806
2024-12-09,AETH,100.7499,1605148
2024-12-09,BTCX,335.955,286740
2024-12-09,STAB,41.6737,1082458
2024-12-10,AETH,103.7291,708605
2024-12-10,BTCX,327.4823,301890
2024-12-10,STAB,41.5292,501636
2024-12-11,AETH,103.8086,1112489
2024-12-11,BTCX,319.9787,296533
2024-12-11,STAB,41.5137,2132129
2024-12-12,AETH,103.8327,814639
2024-12-12,BTCX,302.4558,561803
2024-12-12,STAB,41.4224,720914
2024-12-13,AETH,103.454,553007
2024-12-13,BTCX,315.2122,379927
2024-12-13,STAB,41.4355,1883757
2024-12-16,AETH,104.7706,767406
2024-12-16,BTCX,329.5796,656723
2024-12-16,STAB,41.5068,1841109
2024-12-17,AETH,104.2018,736926
2024-12-17,BTCX,332.3579,327895
2024-12-17,STAB,41.5392,1001420
2024-12-18,AETH,105.1017,642787
2024-12-18,BTCX,324.7083,335285
2024-12-18,STAB,41.5086,1364181
2024-12-19,AETH,104.2437,844574
2024-12-19,BTCX,334.2923,256406
2024-12-19,STAB,41.6186,1036168
2024-12-20,AETH,105.5453,347795
2024-12-20,BTCX,331.206,223181
2024-12-20,STAB,41.1155,1269262
2024-12-23,AETH,104.1198,808315
2024-12-23,BTCX,343.0215,288899
2024-12-23,STAB,41.5022,1305844
2024-12-24,AETH,105.6353,1026022
2024-12-24,BTCX,348.9248,173022
2024-12-24,STAB,42.01,1587394
2024-12-25,AETH,106.7397,931682
2024-12-25,BTCX,371.3238,253330
2024-12-25,STAB,42.229,1042776
2024-12-26,AETH,106.5706,847803
2024-12-26,BTCX,379.4836,226212
2024-12-26,STAB,42.3454,948304
2024-12-27,AETH,106.4212,1290588
2024-12-27,BTCX,359.1502,177003
2024-12-27,STAB,42.4389,1126961
2024-12-30,AETH,107.8244,377381
2024-12-30,BTCX,364.2226,242886
2024-12-30,STAB,42.3337,1535940
2024-12-31,AETH,107.7703,902084
2024-12-31,BTCX,373.2413,170960
2024-12-31,STAB,42.37,1196650
2025-01-01,AETH,107.9178,796143
2025-01-01,BTCX,365.3776,166430
2025-01-01,STAB,42.2225,2239341
2025-01-02,AETH,107.1739,901241
2025-01-02,BTCX,359.9054,575080
2025-01-02,STAB,42.5529,1045211
2025-01-03,AETH,110.6954,714484
2025-01-03,BTCX,352.6051,365448
2025-01-03,STAB,42.8473,980769
2025-01-06,AETH,112.4732,858561
2025-01-06,BTCX,371.1932,297435
2025-01-06,STAB,43.1105,1610519
2025-01-07,AETH,111.2967,888558
2025-01-07,BTCX,372.727,237850
2025-01-07,STAB,43.7168,701858
2025-01-08,AETH,110.2951,937689
2025-01-08,BTCX,404.6182,211135
2025-01-08,STAB,43.4809,1222140
2025-01-09,AETH,110.0121,1180192
2025-01-09,BTCX,416.3828,313660
2025-01-09,STAB,43.3762,802866
2025-01-10,AETH,112.0477,941315
2025-01-10,BTCX,415.7759,400803
2025-01-10,STAB,43.2419,1766593
2025-01-13,AETH,110.7726,1249183
2025-01-13,BTCX,424.4453,257808
2025-01-13,STAB,43.4335,1005684
2025-01-14,AETH,108.8219,661039
2025-01-14,BTCX,419.4537,341560
2025-01-14,STAB,43.3979,526829
2025-01-15,AETH,107.5462,1056247
2025-01-15,BTCX,426.0688,256017
2025-01-15,STAB,42.9856,1008909
2025-01-16,AETH,107.0459,806117
2025-01-16,BTCX,442.7511,283750
2025-01-16,STAB,43.0408,991855
2025-01-17,AETH,106.5394,1059952
2025-01-17,BTCX,437.6197,369173
2025-01-17,STAB,43.1759,1988575
2025-01-20,AETH,105.678,1135840
2025-01-20,BTCX,426.9747,153977
2025-01-20,STAB,43.2695,1787174
2025-01-21,AETH,108.9159,904072
2025-01-21,BTCX,403.492,238785
2025-01-21,STAB,42.9925,891042
2025-01-22,AETH,108.8942,832205
2025-01-22,BTCX,420.3417,283470
2025-01-22,STAB,42.4747,1250960
2025-01-23,AETH,106.4739,531197
2025-01-23,BTCX,423.4086,423811
2025-01-23,STAB,42.0534,1129842
2025-01-24,AETH,106.0642,1100643
2025-01-24,BTCX,397.9724,315901
2025-01-24,STAB,42.1756,1437051
2025-01-27,AETH,104.1578,1389845
2025-01-27,BTCX,406.759,440344
2025-01-27,STAB,42.1708,996793
2025-01-28,AETH,104.7221,736340
2025-01-28,BTCX,405.132,216548
2025-01-28,STAB,41.8635,1911079
2025-01-29,AETH,102.4235,1120133
2025-01-29,BTCX,402.9772,151983
2025-01-29,STAB,41.6752,1265875
2025-01-30,AETH,103.6235,588667
2025-01-30,BTCX,389.5689,169978
2025-01-30,STAB,41.9558,2356195
2025-01-31,AETH,102.474,1569753
2025-01-31,BTCX,387.9805,295549
2025-01-31,STAB,42.0462,1293335
2025-02-03,AETH,102.7446,1102114
2025-02-03,BTCX,389.5706,424083
2025-02-03,STAB,42.252,718687
2025-02-04,AETH,104.5117,600888
2025-02-04,BTCX,382.9279,167276
2025-02-04,STAB,42.2571,654413
2025-02-05,AETH,105.9034,1203600
2025-02-05,BTCX,372.3329,132416
2025-02-05,STAB,42.7997,1582585
2025-02-06,AETH,103.9108,630202
2025-02-06,BTCX,378.8398,216977
2025-02-06,STAB,43.0311,1419487
2025-02-07,AETH,103.4708,1266776
2025-02-07,BTCX,376.1663,283388
2025-02-07,STAB,42.7174,760909
2025-02-10,AETH,102.1722,691861
2025-02-10,BTCX,382.22,359567
2025-02-10,STAB,42.3629,1497397
2025-02-11,AETH,101.7182,874486
2025-02-11,BTCX,383.2177,384470
2025-02-11,STAB,42.4928,826252
2025-02-12,AETH,100.2718,1038903
2025-02-12,BTCX,367.1532,385208
2025-02-12,STAB,42.6506,1537719
2025-02-13,AETH,100.8465,641157
2025-02-13,BTCX,361.1085,336422
2025-02-13,STAB,42.5902,917406
2025-02-14,AETH,101.1804,909503
2025-02-14,BTCX,365.2756,382733
2025-02-14,STAB,42.8488,689246
2025-02-17,AETH,101.8241,901370
2025-02-17,BTCX,360.0221,403107
2025-02-17,STAB,42.8178,1693234
2025-02-18,AETH,99.5099,508930
2025-02-18,BTCX,397.1148,425550
2025-02-18,STAB,42.9112,797867
2025-02-19,AETH,99.887,715115
2025-02-19,BTCX,400.7081,132709
2025-02-19,STAB,42.8204,1036009
2025-02-20,AETH,99.9727,927965
2025-02-20,BTCX,386.4961,286562
2025-02-20,STAB,42.7134,1526335
2025-02-21,AETH,99.5115,957502
2025-02-21,BTCX,379.024,385558
2025-02-21,STAB,42.8279,1544334
2025-02-24,AETH,96.6018,4562833
2025-02-24,BTCX,452.9227,1685456
2025-02-24,STAB,43.9048,6479317
2025-02-25,AETH,91.7773,4606262
2025-02-25,BTCX,402.2798,1001952
2025-02-25,STAB,43.4624,7537625
2025-02-26,AETH,98.6633,3246843
2025-02-26,BTCX,432.0396,1053467
2025-02-26,STAB,44.4004,10485850
2025-02-27,AETH,99.8703,4116555
2025-02-27,BTCX,424.8061,2268025
2025-02-27,STAB,46.3949,4021837
2025-02-28,AETH,96.4906,5095968
2025-02-28,BTCX,395.0855,1342220
2025-02-28,STAB,47.4808,6742262
2025-03-03,AETH,94.8912,5255278
2025-03-03,BTCX,416.3313,1840318
2025-03-03,STAB,47.1306,7208899
2025-03-04,AETH,101.9033,2624038
2025-03-04,BTCX,372.1947,1307591
2025-03-04,STAB,47.0549,7266538
2025-03-05,AETH,103.6317,4880887
2025-03-05,BTCX,299.4411,1726004
2025-03-05,STAB,47.9014,5470126
2025-03-06,AETH,99.3716,5571680
2025-03-06,BTCX,269.3286,968342
2025-03-06,STAB,48.0139,5743348
2025-03-07,AETH,102.4596,3634931
2025-03-07,BTCX,279.9919,2099027
2025-03-07,STAB,48.9117,4815694
2025-03-10,AETH,100.2586,6027309
2025-03-10,BTCX,327.8447,1345165
2025-03-10,STAB,48.9518,5904425
2025-03-11,AETH,99.5987,4497311
2025-03-11,BTCX,300.1678,721846
2025-03-11,STAB,50.472,7950988
2025-03-12,AETH,102.0593,6038232
2025-03-12,BTCX,270.1428,1751552
2025-03-12,STAB,50.6392,3088086
2025-03-13,AETH,96.6116,5811170
2025-03-13,BTCX,304.3558,1352494
2025-03-13,STAB,49.6762,9944723
2025-03-14,AETH,98.8397,4816568
2025-03-14,BTCX,397.6097,2514549
2025-03-14,STAB,50.5592,11768976
2025-03-17,AETH,95.9638,5687859
2025-03-17,BTCX,425.9497,2245413
2025-03-17,STAB,51.8629,7620768
2025-03-18,AETH,93.9918,2366496
2025-03-18,BTCX,433.2737,1752852
2025-03-18,STAB,51.7023,5454705
2025-03-19,AETH,92.5291,7530806
2025-03-19,BTCX,450.8351,1482779
2025-03-19,STAB,51.2083,3377307
2025-03-20,AETH,92.3032,3788761
2025-03-20,BTCX,477.0737,1633805
2025-03-20,STAB,52.2003,4637947
2025-03-21,AETH,93.2428,5569881
2025-03-21,BTCX,427.3033,1448170
2025-03-21,STAB,52.8916,4139747
2025-03-24,AETH,93.7593,4093783
2025-03-24,BTCX,384.8764,1413346
2025-03-24,STAB,53.5431,10880503
2025-03-25,AETH,94.7168,3059151
2025-03-25,BTCX,393.1136,2624328
2025-03-25,STAB,52.3439,8171509
2025-03-26,AETH,95.6385,3266874
2025-03-26,BTCX,353.4072,1673989
2025-03-26,STAB,51.2762,7694273
2025-03-27,AETH,97.2765,4110671
2025-03-27,BTCX,374.5509,1912689
2025-03-27,STAB,51.5694,7635840
2025-03-28,AETH,93.0677,4133033
2025-03-28,BTCX,417.8287,1739817
2025-03-28,STAB,50.3302,4541868
2025-03-31,AETH,98.8959,3757087
2025-03-31,BTCX,433.0333,1386246
2025-03-31,STAB,51.5211,11959967
2025-04-01,AETH,96.4597,3718506
2025-04-01,BTCX,554.3059,1731135
2025-04-01,STAB,51.1733,6539522
2025-04-02,AETH,95.4746,3124085
2025-04-02,BTCX,482.623,1557530
2025-04-02,STAB,52.9338,5424489
2025-04-03,AETH,98.2218,2701467
2025-04-03,BTCX,408.4887,1111881
2025-04-03,STAB,53.9239,8030141
2025-04-04,AETH,92.7254,2904058
2025-04-04,BTCX,413.8107,1299911
2025-04-04,STAB,55.1651,5001910
2025-04-07,AETH,84.7446,3836797
2025-04-07,BTCX,318.2727,2953272
2025-04-07,STAB,52.7377,6479512
2025-04-08,AETH,83.8485,6355468
2025-04-08,BTCX,347.8305,934643
2025-04-08,STAB,52.1649,8089754
2025-04-09,AETH,81.5764,2915183
2025-04-09,BTCX,375.7971,1464376
2025-04-09,STAB,51.8658,6276672
2025-04-10,AETH,80.1625,5100266
2025-04-10,BTCX,397.1449,1213606
2025-04-10,STAB,52.3048,4393713
2025-04-11,AETH,79.746,3274990
2025-04-11,BTCX,484.331,864549
2025-04-11,STAB,51.421,4886540
2025-04-14,AETH,81.307,3522243
2025-04-14,BTCX,560.3141,2746796
2025-04-14,STAB,50.4945,8104873
2025-04-15,AETH,81.6468,6011343
2025-04-15,BTCX,597.2552,2442616
2025-04-15,STAB,50.0309,5221239
2025-04-16,AETH,87.4825,2829787
2025-04-16,BTCX,725.0215,1910257
2025-04-16,STAB,49.1395,3848415
2025-04-17,AETH,82.0242,4349963
2025-04-17,BTCX,778.5259,2490084
2025-04-17,STAB,49.3058,6354242
2025-04-18,AETH,83.1978,3910514
2025-04-18,BTCX,683.5931,1869534
2025-04-18,STAB,48.4161,5442603
2025-04-21,AETH,80.8085,4064227
2025-04-21,BTCX,638.0649,2231712
2025-04-21,STAB,48.5767,5887158
2025-04-22,AETH,82.7657,3493164
2025-04-22,BTCX,658.5061,857030
2025-04-22,STAB,48.3947,4691284
2025-04-23,AETH,79.4346,4104057
2025-04-23,BTCX,858.0279,1926927
2025-04-23,STAB,49.1438,8052043
2025-04-24,AETH,82.3382,2756017
2025-04-24,BTCX,806.3598,1840531
2025-04-24,STAB,47.9096,7823363
2025-04-25,AETH,86.5953,4035330
2025-04-25,BTCX,815.1902,1055750
2025-04-25,STAB,46.4827,10795485
2025-04-28,AETH,89.4269,4153587
2025-04-28,BTCX,875.4559,1382334
2025-04-28,STAB,46.4153,7995449
2025-04-29,AETH,91.4321,2483406
2025-04-29,BTCX,822.8529,1516328
2025-04-29,STAB,45.5131,13487011
2025-04-30,AETH,93.3099,2833490
2025-04-30,BTCX,795.7794,855462
2025-04-30,STAB,45.4214,8466390
2025-05-01,AETH,88.8866,2207261
2025-05-01,BTCX,787.7764,2053459
2025-05-01,STAB,45.0312,3970728
2025-05-02,AETH,90.1499,5735140
2025-05-02,BTCX,607.2644,1054211
2025-05-02,STAB,45.0924,5395565
2025-05-05,AETH,85.9946,5311498
2025-05-05,BTCX,502.3249,1135974
2025-05-05,STAB,44.8224,4814227
2025-05-06,AETH,82.9905,2359977
2025-05-06,BTCX,480.734,2985214
2025-05-06,STAB,45.2243,5406447
2025-05-07,AETH,80.3126,3284236
2025-05-07,BTCX,534.1996,1701651
2025-05-07,STAB,45.1919,7103061
2025-05-08,AETH,82.3353,3397816
2025-05-08,BTCX,595.6405,1855845
2025-05-08,STAB,45.4731,8485690
2025-05-09,AETH,84.6063,2607977
2025-05-09,BTCX,598.6999,1019962
2025-05-09,STAB,45.2495,8665265
2025-05-12,AETH,87.0119,1553440
2025-05-12,BTCX,682.2975,1516075
2025-05-12,STAB,45.3119,6739897
2025-05-13,AETH,85.7367,5614334
2025-05-13,BTCX,808.3237,1308319
2025-05-13,STAB,44.9551,9822984
2025-05-14,AETH,87.465,3176082
2025-05-14,BTCX,697.7525,1799244
2025-05-14,STAB,45.9092,15203216
2025-05-15,AETH,85.5244,4417137
2025-05-15,BTCX,654.7931,1010676
2025-05-15,STAB,47.3773,5226303
2025-05-16,AETH,82.8881,3272177
2025-05-16,BTCX,678.756,1302714
2025-05-16,STAB,46.9028,2732084
2025-05-19,AETH,83.6038,691690
2025-05-19,BTCX,650.6905,371923
2025-05-19,STAB,46.7755,658580
2025-05-20,AETH,83.6552,988517
2025-05-20,BTCX,657.908,317445
2025-05-20,STAB,47.0606,1394127
2025-05-21,AETH,82.5024,860603
2025-05-21,BTCX,662.1649,653902
2025-05-21,STAB,47.4104,1007869
2025-05-22,AETH,82.5142,541870
2025-05-22,BTCX,677.3473,199613
2025-05-22,STAB,47.5621,812401
2025-05-23,AETH,79.9887,965490
2025-05-23,BTCX,672.227,188787
2025-05-23,STAB,47.476,1840608
2025-05-26,AETH,79.7045,822995
2025-05-26,BTCX,679.1708,533417
2025-05-26,STAB,47.6368,2683778
2025-05-27,AETH,81.1964,895083
2025-05-27,BTCX,714.0205,186260
2025-05-27,STAB,47.5969,893702
2025-05-28,AETH,81.4488,1017938
2025-05-28,BTCX,728.9076,259364
2025-05-28,STAB,48.086,2055381
2025-05-29,AETH,82.8354,848471
2025-05-29,BTCX,725.0681,193199
2025-05-29,STAB,48.159,839515
2025-05-30,AETH,82.8421,375752
2025-05-30,BTCX,709.46,356910
2025-05-30,STAB,48.2657,467484
2025-06-02,AETH,80.9137,624025
2025-06-02,BTCX,675.6375,340200
2025-06-02,STAB,48.974,1479856
2025-06-03,AETH,80.2777,764102
2025-06-03,BTCX,651.92,191555
2025-06-03,STAB,49.163,1704289
2025-06-04,AETH,80.3185,935393
2025-06-04,BTCX,637.5135,272768
2025-06-04,STAB,49.3463,1966134
2025-06-05,AETH,79.3415,844026
2025-06-05,BTCX,584.3866,317835
2025-06-05,STAB,49.3057,854220
2025-06-06,AETH,79.2906,699965
2025-06-06,BTCX,563.5461,207707
2025-06-06,STAB,49.4473,1439571
2025-06-09,AETH,79.0757,644318
2025-06-09,BTCX,558.1523,472403
2025-06-09,STAB,49.396,2134671
2025-06-10,AETH,80.0087,560712
2025-06-10,BTCX,542.9809,527611
2025-06-10,STAB,49.5256,509626
2025-06-11,AETH,79.8085,690767
2025-06-11,BTCX,547.0933,348939
2025-06-11,STAB,49.3128,2193906
2025-06-12,AETH,80.1681,844187
2025-06-12,BTCX,590.1812,220321
2025-06-12,STAB,49.5934,1014369
2025-06-13,AETH,80.2406,973847
2025-06-13,BTCX,576.8048,246005
2025-06-13,STAB,49.9558,1305765
2025-06-16,AETH,80.0609,846348
2025-06-16,BTCX,554.0567,249850
2025-06-16,STAB,50.0765,1210579
2025-06-17,AETH,81.5547,761214
2025-06-17,BTCX,559.7282,521587
2025-06-17,STAB,50.2783,1358317
2025-06-18,AETH,81.1471,816345
2025-06-18,BTCX,538.497,348697
2025-06-18,STAB,49.9586,2317437
2025-06-19,AETH,80.5759,444728
2025-06-19,BTCX,520.2492,258902
2025-06-19,STAB,49.6018,1554541
2025-06-20,AETH,81.0073,637852
2025-06-20,BTCX,511.4828,337740
2025-06-20,STAB,50.0694,778272
2025-06-23,AETH,82.0612,498719
2025-06-23,BTCX,506.4121,260268
2025-06-23,STAB,50.4244,1135819
2025-06-24,AETH,81.8266,650167
2025-06-24,BTCX,507.7867,268289
2025-06-24,STAB,50.3427,598335
2025-06-25,AETH,82.0673,444490
2025-06-25,BTCX,484.0683,290044
2025-06-25,STAB,50.384,1987886
2025-06-26,AETH,83.6842,543446
2025-06-26,BTCX,472.9335,289889
2025-06-26,STAB,50.5613,1724758
2025-06-27,AETH,83.4108,934328
2025-06-27,BTCX,482.8671,94286
2025-06-27,STAB,50.0982,828332
2025-06-30,AETH,83.6266,698552
2025-06-30,BTCX,489.9156,557199
2025-06-30,STAB,50.2217,1325070
2025-07-01,AETH,85.5318,1860096
2025-07-01,BTCX,481.0785,324391
2025-07-01,STAB,50.5163,705394
2025-07-02,AETH,85.3404,791771
2025-07-02,BTCX,478.7463,372233
2025-07-02,STAB,50.8745,1526941
2025-07-03,AETH,86.4082,1388735
2025-07-03,BTCX,479.0069,603172
2025-07-03,STAB,50.5605,1271492
2025-07-04,AETH,86.5282,1337572
2025-07-04,BTCX,506.6569,187833
2025-07-04,STAB,50.291,2999451
2025-07-07,AETH,86.8916,433965
2025-07-07,BTCX,485.2016,298753
2025-07-07,STAB,51.2289,952535
2025-07-08,AETH,86.8658,1103705
2025-07-08,BTCX,507.5436,261880
2025-07-08,STAB,51.3332,1486366
2025-07-09,AETH,85.8722,532869
2025-07-09,BTCX,503.5726,239410
2025-07-09,STAB,51.3963,567420
2025-07-10,AETH,85.7645,540147
2025-07-10,BTCX,492.2604,292722
2025-07-10,STAB,51.3955,1998188
2025-07-11,AETH,85.4552,749790
2025-07-11,BTCX,517.0105,176614
2025-07-11,STAB,51.1646,801691
2025-07-14,AETH,85.5339,798410
2025-07-14,BTCX,519.3521,524105
2025-07-14,STAB,51.4077,1325706
2025-07-15,AETH,84.776,735937
2025-07-15,BTCX,506.2661,280376
2025-07-15,STAB,51.959,665513
2025-07-16,AETH,86.6224,633883
2025-07-16,BTCX,505.8285,227796
2025-07-16,STAB,52.166,1969521
2025-07-17,AETH,87.0629,1149759
2025-07-17,BTCX,491.1847,293040
2025-07-17,STAB,52.6041,1107398
2025-07-18,AETH,88.702,946180
2025-07-18,BTCX,470.2342,454686
2025-07-18,STAB,52.6003,1121911
2025-07-21,AETH,88.8776,775864
2025-07-21,BTCX,466.8667,413584
2025-07-21,STAB,52.7015,1488470
2025-07-22,AETH,89.4801,615621
2025-07-22,BTCX,471.5158,257253
2025-07-22,STAB,52.2637,1424687
2025-07-23,AETH,90.6295,905874
2025-07-23,BTCX,476.3392,316307
2025-07-23,STAB,52.744,949137
2025-07-24,AETH,91.8548,515023
2025-07-24,BTCX,470.1575,150024
2025-07-24,STAB,53.0231,1449827
2025-07-25,AETH,93.5825,746781
2025-07-25,BTCX,487.2968,229890
2025-07-25,STAB,52.7322,1453570
2025-07-28,AETH,93.5711,728699
2025-07-28,BTCX,483.9818,414535
2025-07-28,STAB,52.6444,974487
2025-07-29,AETH,96.4347,1081884
2025-07-29,BTCX,489.2871,545593
2025-07-29,STAB,52.6985,1519748
2025-07-30,AETH,94.1715,808360
2025-07-30,BTCX,513.5805,483088
2025-07-30,STAB,53.2451,1139530
2025-07-31,AETH,96.1084,896073
2025-07-31,BTCX,522.5853,413418
2025-07-31,STAB,53.0619,1236167
2025-08-01,AETH,96.0702,526598
2025-08-01,BTCX,537.6577,168341
2025-08-01,STAB,53.2644,1261358
2025-08-04,AETH,97.2139,697433
2025-08-04,BTCX,542.3444,478867
2025-08-04,STAB,53.1266,1817503
2025-08-05,AETH,97.0717,916192
2025-08-05,BTCX,526.584,284682
2025-08-05,STAB,53.4593,1171161
2025-08-06,AETH,96.8257,707307
2025-08-06,BTCX,490.2831,241307
2025-08-06,STAB,53.0535,748073
2025-08-07,AETH,97.5918,502176
2025-08-07,BTCX,508.6495,327377
2025-08-07,STAB,53.2374,1249465
2025-08-08,AETH,99.5295,1106409
2025-08-08,BTCX,516.8914,446023
2025-08-08,STAB,53.223,767208
2025-08-11,AETH,101.5716,1456280
2025-08-11,BTCX,534.3836,166591
2025-08-11,STAB,53.3321,1171269
2025-08-12,AETH,101.8652,962323
2025-08-12,BTCX,539.8695,238427
2025-08-12,STAB,53.4984,1706427
2025-08-13,AETH,102.8351,722051
2025-08-13,BTCX,539.1984,401480
2025-08-13,STAB,53.4661,1224716
2025-08-14,AETH,102.2448,686054
2025-08-14,BTCX,548.0981,289151
2025-08-14,STAB,53.1089,793886
2025-08-15,AETH,103.6566,793078
2025-08-15,BTCX,526.1626,307130
2025-08-15,STAB,52.8802,1190971
2025-08-18,AETH,103.7448,1486402
2025-08-18,BTCX,517.7626,363928
2025-08-18,STAB,52.3023,944880
2025-08-19,AETH,104.1989,691011
2025-08-19,BTCX,517.4583,653509
2025-08-19,STAB,52.3572,830220
2025-08-20,AETH,104.2947,646416
2025-08-20,BTCX,523.052,323131
2025-08-20,STAB,52.5064,656767
2025-08-21,AETH,103.0833,1192159
2025-08-21,BTCX,526.4093,152109
2025-08-21,STAB,53.1602,1008087
2025-08-22,AETH,105.0895,1073110
2025-08-22,BTCX,516.7843,262992
2025-08-22,STAB,53.8658,1555423
2025-08-25,AETH,105.6594,1996555
2025-08-25,BTCX,512.1381,575033
2025-08-25,STAB,53.8802,1955894
2025-08-26,AETH,106.2828,670680
2025-08-26,BTCX,507.4198,187031
2025-08-26,STAB,53.9986,1961123
2025-08-27,AETH,106.7285,627175
2025-08-27,BTCX,502.2338,283714
2025-08-27,STAB,53.6992,1356707
2025-08-28,AETH,106.5081,773645
2025-08-28,BTCX,495.2018,227443
2025-08-28,STAB,53.7584,1567631
2025-08-29,AETH,106.3377,745646
2025-08-29,BTCX,500.4131,315878
2025-08-29,STAB,53.9022,1326525
2025-09-01,AETH,104.9843,966669
2025-09-01,BTCX,514.9322,290922
2025-09-01,STAB,54.2168,1020301
2025-09-02,AETH,104.3889,1028654
2025-09-02,BTCX,523.6498,406419
2025-09-02,STAB,54.5253,2215844
2025-09-03,AETH,101.8091,448123
2025-09-03,BTCX,545.5076,155214
2025-09-03,STAB,54.6735,651833
2025-09-04,AETH,102.5863,868243
2025-09-04,BTCX,558.517,423077
2025-09-04,STAB,54.215,2159383
2025-09-05,AETH,101.2869,772228
2025-09-05,BTCX,575.9806,283905
2025-09-05,STAB,54.0031,1316394
2025-09-08,AETH,99.5473,908799
2025-09-08,BTCX,573.0729,524512
2025-09-08,STAB,54.1484,1356485
2025-09-09,AETH,99.5231,991679
2025-09-09,BTCX,562.9688,474420
2025-09-09,STAB,54.3418,1152229
2025-09-10,AETH,100.1455,601891
2025-09-10,BTCX,558.2226,383972
2025-09-10,STAB,53.7539,1354178
2025-09-11,AETH,101.9363,968769
2025-09-11,BTCX,561.0029,293878
2025-09-11,STAB,53.7315,1186008
2025-09-12,AETH,101.2498,714261
2025-09-12,BTCX,544.2094,109004
2025-09-12,STAB,53.7667,1412237
2025-09-15,AETH,102.3653,429840
2025-09-15,BTCX,541.8283,260361
2025-09-15,STAB,53.5476,811811
2025-09-16,AETH,102.8925,675151
2025-09-16,BTCX,582.7209,271318
2025-09-16,STAB,53.4315,1468338
2025-09-17,AETH,102.6774,591359
2025-09-17,BTCX,565.5295,193505
2025-09-17,STAB,53.7204,970107
2025-09-18,AETH,102.8016,992506
2025-09-18,BTCX,552.4554,168574
2025-09-18,STAB,54.3119,1926976
2025-09-19,AETH,102.311,1097061
2025-09-19,BTCX,503.9939,290447
2025-09-19,STAB,54.5616,1184812
2025-09-22,AETH,102.0118,704240
2025-09-22,BTCX,506.1491,207569
2025-09-22,STAB,54.5934,1608854
2025-09-23,AETH,103.4644,918932
2025-09-23,BTCX,496.9533,266629
2025-09-23,STAB,54.9922,730290
2025-09-24,AETH,103.1008,857019
2025-09-24,BTCX,475.7873,172026
2025-09-24,STAB,54.7559,1224841
2025-09-25,AETH,106.1784,1574973
2025-09-25,BTCX,466.3835,322527
2025-09-25,STAB,54.2817,765553
2025-09-26,AETH,108.7017,958116
2025-09-26,BTCX,457.9192,204596
2025-09-26,STAB,54.4074,939017
2025-09-29,AETH,109.7288,1102830
2025-09-29,BTCX,437.5788,388250
2025-09-29,STAB,54.7325,2294407
2025-09-30,AETH,108.2259,463611
2025-09-30,BTCX,446.748,188049
2025-09-30,STAB,54.5556,1621351
2025-10-01,AETH,107.427,1214917
2025-10-01,BTCX,440.948,344361
2025-10-01,STAB,54.2495,784760
2025-10-02,AETH,106.8533,768075
2025-10-02,BTCX,449.2769,320850
2025-10-02,STAB,54.1545,1418287
2025-10-03,AETH,107.0918,657203
2025-10-03,BTCX,448.6978,466914
2025-10-03,STAB,54.1837,1487446
2025-10-06,AETH,107.0526,1069943
2025-10-06,BTCX,443.9487,369960
2025-10-06,STAB,54.0762,1258450
2025-10-07,AETH,106.5275,596421
2025-10-07,BTCX,430.6366,492147
2025-10-07,STAB,53.5808,1134667
2025-10-08,AETH,106.6493,629137
2025-10-08,BTCX,432.1881,216074
2025-10-08,STAB,53.7145,819998
2025-10-09,AETH,107.6973,726158
2025-10-09,BTCX,417.0022,305274
2025-10-09,STAB,53.7317,1097647
2025-10-10,AETH,109.9723,468233
2025-10-10,BTCX,433.5616,301216
2025-10-10,STAB,53.8883,1480198
2025-10-13,AETH,111.0544,779314
2025-10-13,BTCX,438.8797,308915
2025-10-13,STAB,54.174,1422124
2025-10-14,AETH,112.1509,501115
2025-10-14,BTCX,427.6067,317156
2025-10-14,STAB,54.8764,965632
2025-10-15,AETH,114.1491,702152
2025-10-15,BTCX,459.2761,248128
2025-10-15,STAB,55.1969,1840699
2025-10-16,AETH,113.8624,852774
2025-10-16,BTCX,462.2085,283449
2025-10-16,STAB,55.3311,1631497
2025-10-17,AETH,114.3427,635171
2025-10-17,BTCX,474.9905,329103
2025-10-17,STAB,55.7902,1272144
2025-10-20,AETH,114.9185,566661
2025-10-20,BTCX,475.1979,333800
2025-10-20,STAB,54.7671,1164650
2025-10-21,AETH,113.6679,706140
2025-10-21,BTCX,449.1852,175616
2025-10-21,STAB,55.0251,1048713
2025-10-22,AETH,113.8889,452944
2025-10-22,BTCX,462.8419,330011
2025-10-22,STAB,54.7492,1280678
2025-10-23,AETH,114.3811,766967
2025-10-23,BTCX,460.2112,332401
2025-10-23,STAB,54.4876,954714
2025-10-24,AETH,113.5992,1570599
2025-10-24,BTCX,464.6597,232499
2025-10-24,STAB,54.4404,1052248
2025-10-27,AETH,115.4399,294519
2025-10-27,BTCX,439.2778,268448
2025-10-27,STAB,54.7331,1495294
2025-10-28,AETH,115.1318,809467
2025-10-28,BTCX,421.2328,337389
2025-10-28,STAB,54.6055,2036729
2025-10-29,AETH,115.0358,832773
2025-10-29,BTCX,423.9451,140591
2025-10-29,STAB,53.9071,1405285
2025-10-30,AETH,115.7126,528629
2025-10-30,BTCX,425.606,703365
2025-10-30,STAB,53.4052,1060639
2025-10-31,AETH,114.9061,908739
2025-10-31,BTCX,404.8123,215813
2025-10-31,STAB,53.5545,1395282
2025-11-03,AETH,113.9991,443464
2025-11-03,BTCX,393.3548,191464
2025-11-03,STAB,53.7767,967534
2025-11-04,AETH,116.4637,773634
2025-11-04,BTCX,415.103,181557
2025-11-04,STAB,54.2968,1481281
2025-11-05,AETH,114.1893,681395
2025-11-05,BTCX,400.4005,354637
2025-11-05,STAB,54.4098,1085950
2025-11-06,AETH,114.9382,723427
2025-11-06,BTCX,410.4235,212609
2025-11-06,STAB,53.8035,2360002
2025-11-07,AETH,115.4051,527095
2025-11-07,BTCX,405.8187,252937
2025-11-07,STAB,53.7958,888106
2025-11-10,AETH,117.4212,1079194
2025-11-10,BTCX,411.7141,218299
2025-11-10,STAB,54.1751,1179409
2025-11-11,AETH,119.1306,616340
2025-11-11,BTCX,394.9107,528424
2025-11-11,STAB,53.7652,2302469
2025-11-12,AETH,121.2148,697238
2025-11-12,BTCX,390.6168,480788
2025-11-12,STAB,53.0773,838035
2025-11-13,AETH,119.5538,949799
2025-11-13,BTCX,383.7677,239902
2025-11-13,STAB,53.2376,1119575
2025-11-14,AETH,118.0372,780662
2025-11-14,BTCX,380.8425,186375
2025-11-14,STAB,53.4322,1000184
2025-11-17,AETH,116.6048,448795
2025-11-17,BTCX,372.8099,234593
2025-11-17,STAB,53.6121,1185131
2025-11-18,AETH,118.6525,1168833
2025-11-18,BTCX,380.6453,255812
2025-11-18,STAB,52.9349,628957
2025-11-19,AETH,118.8978,487420
2025-11-19,BTCX,383.0271,253953
2025-11-19,STAB,53.2284,1230560
2025-11-20,AETH,119.8604,591356
2025-11-20,BTCX,365.5772,290102
2025-11-20,STAB,53.084,1379331
2025-11-21,AETH,118.5377,1244793
2025-11-21,BTCX,351.924,539189
2025-11-21,STAB,53.0774,562163
2025-11-24,AETH,121.7743,441872
2025-11-24,BTCX,367.0001,319908
2025-11-24,STAB,53.3761,1191504
2025-11-25,AETH,121.6919,1176115
2025-11-25,BTCX,342.2443,263929
2025-11-25,STAB,53.2775,2448665
2025-11-26,AETH,122.621,524020
2025-11-26,BTCX,345.3552,824417
2025-11-26,STAB,52.8149,1329672
2025-11-27,AETH,122.4677,635073
2025-11-27,BTCX,351.8921,248144
2025-11-27,STAB,52.8414,2088976
2025-11-28,AETH,121.0896,682923
2025-11-28,BTCX,359.9342,311822
2025-11-28,STAB,53.009,2302233
